﻿Designator,Footprint,Quantity,Value,LCSC Part #
"C1_4, C1_3, C1_2, C1, C2_4, C2_3, C2_2, C2",0603,8,20pF,C1648
"C10_4, C10_3, C10_2, C10, C11_4, C11_3, C11_2, C11, C13_4, C13_3, C13_2, C13, C14_4, C14_3, C14_2, C14, C15_4, C15_3, C15_2, C15, C16_4, C16_3, C16_2, C16, C17_4, C17_3, C17_2, C17, C20_4, C20_3, C20_2, C20, C25_4, C25_3, C25_2, C25, C3_4, C3_3, C3_2, C3, C4_4, C4_3, C4_2, C4, C5_4, C5_3, C5_2, C5, C6_4, C6_3, C6_2, C6, C8_4, C8_3, C8_2, C8",0603,56,100nF,C14663
"C12_4, C12_3, C12_2, C12, C19_4, C19_3, C19_2, C19",0603,8,1uF,C15849
"C18_4, C18_3, C18_2, C18, C7_4, C7_3, C7_2, C7",0603,8,4.7uF,C19666
"C21_4, C21_3, C21_2, C21, C22_4, C22_3, C22_2, C22, C23_4, C23_3, C23_2, C23",0805,12,10uF, C15850
"C24_4, C24_3, C24_2, C24, C26_4, C26_3, C26_2, C26, C27_4, C27_3, C27_2, C27",0805,12,22uF,C45783
"C9_4, C9_3, C9_2, C9",0603,4,10nF,C57112
"D1_4, D1_3, D1_2, D1",0603,4,BLUE, C2290
"D2_4, D2_3, D2_2, D2, D4_4, D4_3, D4_2, D4, D6_4, D6_3, D6_2, D6",0603,12,RED,C2286
"D3_4, D3_3, D3_2, D3",D_SOD-123,4,B5819W,C8598
"D5_4, D5_3, D5_2, D5",D_SOD-323_HandSoldering,4,1N5819,C191023
"J1_4, J1_3, J1_2, J1",JST_PH_B6B-PH-K_1x06_P2.00mm_Vertical,4,Conn_01x06_Socket,
"J2_4, J2_3, J2_2, J2, J3_4, J3_3, J3_2, J3",PinHeader_1x27_P2.54mm_Vertical,8,Conn_01x27_Socket,
"KiKit_FID_B_1, KiKit_FID_B_2, KiKit_FID_B_3, KiKit_FID_T_1, KiKit_FID_T_2, KiKit_FID_T_3",Fiducial,6,Fiducial,
"KiKit_MB_10_1, KiKit_MB_10_2, KiKit_MB_10_3, KiKit_MB_10_4, KiKit_MB_10_5, KiKit_MB_11_1, KiKit_MB_11_2, KiKit_MB_11_3, KiKit_MB_11_4, KiKit_MB_11_5, KiKit_MB_12_1, KiKit_MB_12_2, KiKit_MB_12_3, KiKit_MB_12_4, KiKit_MB_12_5, KiKit_MB_13_1, KiKit_MB_13_2, KiKit_MB_13_3, KiKit_MB_13_4, KiKit_MB_13_5, KiKit_MB_14_1, KiKit_MB_14_2, KiKit_MB_14_3, KiKit_MB_14_4, KiKit_MB_14_5, KiKit_MB_15_1, KiKit_MB_15_2, KiKit_MB_15_3, KiKit_MB_15_4, KiKit_MB_15_5, KiKit_MB_16_1, KiKit_MB_16_2, KiKit_MB_16_3, KiKit_MB_16_4, KiKit_MB_16_5, KiKit_MB_17_1, KiKit_MB_17_2, KiKit_MB_17_3, KiKit_MB_17_4, KiKit_MB_17_5, KiKit_MB_18_1, KiKit_MB_18_2, KiKit_MB_18_3, KiKit_MB_18_4, KiKit_MB_18_5, KiKit_MB_19_1, KiKit_MB_19_2, KiKit_MB_19_3, KiKit_MB_19_4, KiKit_MB_19_5, KiKit_MB_1_1, KiKit_MB_1_2, KiKit_MB_1_3, KiKit_MB_1_4, KiKit_MB_1_5, KiKit_MB_20_1, KiKit_MB_20_2, KiKit_MB_20_3, KiKit_MB_20_4, KiKit_MB_20_5, KiKit_MB_2_1, KiKit_MB_2_2, KiKit_MB_2_3, KiKit_MB_2_4, KiKit_MB_2_5, KiKit_MB_3_1, KiKit_MB_3_2, KiKit_MB_3_3, KiKit_MB_3_4, KiKit_MB_3_5, KiKit_MB_4_1, KiKit_MB_4_2, KiKit_MB_4_3, KiKit_MB_4_4, KiKit_MB_4_5, KiKit_MB_5_1, KiKit_MB_5_2, KiKit_MB_5_3, KiKit_MB_5_4, KiKit_MB_5_5, KiKit_MB_6_1, KiKit_MB_6_2, KiKit_MB_6_3, KiKit_MB_6_4, KiKit_MB_6_5, KiKit_MB_7_1, KiKit_MB_7_2, KiKit_MB_7_3, KiKit_MB_7_4, KiKit_MB_7_5, KiKit_MB_8_1, KiKit_MB_8_2, KiKit_MB_8_3, KiKit_MB_8_4, KiKit_MB_8_5, KiKit_MB_9_1, KiKit_MB_9_2, KiKit_MB_9_3, KiKit_MB_9_4, KiKit_MB_9_5, KiKit_TO_1, KiKit_TO_2, KiKit_TO_3",NPTH,103,NPTH,
"L1_4, L1_3, L1_2, L1",1206,4,4.7uH,C1049
"L2_4, L2_3, L2_2, L2",L_Cenker_CKCS6020,4,4.7uH,C5291878
"Q1_4, Q1_3, Q1_2, Q1",SOT-23,4,S9013,C6749
"R1_4, R1_3, R1_2, R1",0402,4,100k,C25741
"R10_4, R10_3, R10_2, R10, R7_4, R7_3, R7_2, R7",0402,8,5.1k,C25905
"R11_4, R11_3, R11_2, R11",0402,4,1K5,C25867
"R12_4, R12_3, R12_2, R12, R18_4, R18_3, R18_2, R18, R2_4, R2_3, R2_2, R2",0402,12,10k,C25744
"R13_4, R13_3, R13_2, R13",0402,4,39k,C25783
"R14_4, R14_3, R14_2, R14",0402,4,100,C25076
"R15_4, R15_3, R15_2, R15, R16_4, R16_3, R16_2, R16, R8_4, R8_3, R8_2, R8, R9_4, R9_3, R9_2, R9",0402,16,220,C25091
"R17_4, R17_3, R17_2, R17",0402,4,56k2,C25796
"R4_4, R4_3, R4_2, R4",0603,4,100,C22775
"R5_4, R5_3, R5_2, R5, R6_4, R6_3, R6_2, R6",0402,8,4k7,C25900
"T1_4, T1_3, T1_2, T1, T2_4, T2_3, T2_2, T2, T3_4, T3_3, T3_2, T3, T4_4, T4_3, T4_2, T4, T5_4, T5_3, T5_2, T5, T6_4, T6_3, T6_2, T6, T7_4, T7_3, T7_2, T7, T8_4, T8_3, T8_2, T8",TestPoint_Pad_1.0x1.0mm,32,~,
"U1_4, U1_3, U1_2, U1",LQFP-48_7x7mm_P0.5mm,4,STM32F103C8Tx,C8734
"U2_4, U2_3, U2_2, U2",LQFP-64_10x10mm_P0.5mm,4,STM32G474RBTx,C529413
"U3_4, U3_3, U3_2, U3, U4_4, U4_3, U4_2, U4",SOIC-8_3.9x4.9mm_P1.27mm,8,MCP2542FDxMF,
"U5_4, U5_3, U5_2, U5",SOT-223-3_TabPin2,4,AMS1117-3.3,C6186
"U6_4, U6_3, U6_2, U6",SOT-23-6,4,TPS563200,C97253
"Y1_4, Y1_3, Y1_2, Y1",Crystal_SMD_5032-2Pin_5.0x3.2mm,4,8MHz,C115962
